Remplacer,url,lang,Type,Cat1,Cat2,Cat3
https://www.blog.discoverthegreentech.com/crash-hindenburg-1937/,https://www.discoverthegreentech.com/crash-hindenburg-1937/,fr,Blog,,,
https://www.agriculture.discoverthegreentech.com/,https://www.discoverthegreentech.com/agriculture/,fr,Dossier,Agriculture,,
https://www.agriculture.discoverthegreentech.com/histoire/,https://www.discoverthegreentech.com/agriculture/eau-irrigation/,fr,Dossier,Agriculture,,
https://www.agriculture.discoverthegreentech.com/productions-agricoles/,https://www.discoverthegreentech.com/agriculture/genetique-agricole/,fr,Dossier,Agriculture,,
https://www.blog.discoverthegreentech.com/adionics-miner-la-mer-pour-epargner-la-terre/,https://www.discoverthegreentech.com/adionics-miner-la-mer-pour-epargner-la-terre/,fr,Entreprise,,,
https://www.blog.discoverthegreentech.com/afyren-des-alternatives-a-la-petrochimie/,https://www.discoverthegreentech.com/afyren-des-alternatives-a-la-petrochimie/,fr,Entreprise,Agriculture,,
https://www.hydrogene.discoverthegreentech.com/utilisations/mobilite-hydrogene/voitures/kangoo-z-e/,https://www.discoverthegreentech.com/hydrogene/utilisations/mobilite-hydrogene/voitures/kangoo-z-e/,fr,Dossier,Hydrogene,Applications,mobilite
https://www.hydrogene.discoverthegreentech.com/utilisations/mobilite-hydrogene/voitures/master-z-e-hydrogen/,https://www.discoverthegreentech.com/hydrogene/utilisations/mobilite-hydrogene/voitures/master-z-e-hydrogen/,fr,Dossier,Hydrogene,Applications,mobilite
https://www.hydrogene.discoverthegreentech.com/utilisations/mobilite-hydrogene/voitures/mercedes-glc-f-cell/,https://www.discoverthegreentech.com/hydrogene/utilisations/mobilite-hydrogene/voitures/mercedes-glc-f-cell/,fr,Dossier,Hydrogene,Applications,mobilite
https://www.hydrogene.discoverthegreentech.com/utilisations/mobilite-hydrogene/voitures/toyota-mirail/,https://www.discoverthegreentech.com/hydrogene/utilisations/mobilite-hydrogene/voitures/toyota-mirail/,fr,Dossier,Hydrogene,Applications,mobilite
https://www.hydrogene.discoverthegreentech.com/utilisations/pile-a-combustible/,https://www.discoverthegreentech.com/hydrogene/utilisations/pile-a-combustible/,fr,Dossier,Hydrogene,Applications,pac
https://www.hydrogene.discoverthegreentech.com/utilisations/piles-a-combustible-pac/,https://www.discoverthegreentech.com/hydrogene/utilisations/pile-a-combustible/,fr,Dossier,Hydrogene,Applications,pac
https://www.hydrogene.discoverthegreentech.com/utilisations/pile-a-combustible/membrane-echangeuse-de-protons-pemfc/,https://www.discoverthegreentech.com/hydrogene/utilisations/pile-a-combustible/membrane-echangeuse-de-protons-pemfc/,fr,Dossier,Hydrogene,Applications,pac
XXXXXXXXXX,https://www.discoverthegreentech.com/,fr,structure,,,
XXXXXXXXXX,https://www.discoverthegreentech.com/6e-rapport-du-giec/,fr,Rapport,GIEC,,
XXXXXXXXXX,https://www.discoverthegreentech.com/6e-rapport-du-giec/batiment-construction/,fr,Rapport,GIEC,,
XXXXXXXXXX,https://www.discoverthegreentech.com/6e-rapport-du-giec/energie/,fr,Rapport,GIEC,,
XXXXXXXXXX,https://www.discoverthegreentech.com/6e-rapport-du-giec/industrie/,fr,Rapport,GIEC,,
